Workbook

Sheet Executive Summary & KPIs
A1: Lang Framework Enterprise Deployment Plan
A2: Operationalizing LangChain, LangGraph, LangSmith & OEE Agentic Runtimes | Version 1.0
A4: FORMATTING LEGEND
A5: Blue Fill (#DCE6F1) | B5: User Input / Editable Parameter
A6: Green Fill (#E2EFDA) | B6: Computed / Calculated Cell
A7: Light Gray (#F9FAFB) | B7: Standard Data / Task Row
A8: Red Alert (#FCE4D6) | B8: Blocked Status / Imbalance Warning
A10: DEPLOYMENT METRICS & STATUS SUMMARY
A11: Metric / Indicator | B11: Value | C11: Target / Standard | D11: Status Note
A12: Total Planned Deployment Tasks | B12: ='Deployment Roadmap & Tasks'!B2 | C12: 32 Tasks | D12: Complete WBS breakdown
A13: Completed Tasks | B13: =COUNTIF('Deployment Roadmap & Tasks'!I4:I35, "Completed") | C13: 32 Tasks | D13: Tracked in roadmap tab
A14: In Progress Tasks | B14: =COUNTIF('Deployment Roadmap & Tasks'!I4:I35, "In Progress") | C14: 0 Tasks | D14: Active sprint work
A15: Blocked Tasks | B15: =COUNTIF('Deployment Roadmap & Tasks'!I4:I35, "Blocked") | C15: 0 Tasks | D15: Requires escalation if > 0
A16: Not Started Tasks | B16: =COUNTIF('Deployment Roadmap & Tasks'!I4:I35, "Not Started") | C16: 0 Tasks | D16: Pending predecessor tasks
A17: Deployment Progress (%) | B17: =COUNTIF('Deployment Roadmap & Tasks'!I4:I35, "Completed")/COUNTA('Deployment Roadmap & Tasks'!A4:A35) | C17: 100.0% | D17: Formula driven completion rate
A18: Critical Path Timeline (Days) | B18: =MAX('Deployment Roadmap & Tasks'!H4:H35) | C18: 38 Days | D18: Sequential predecessor timeline
A19: Operational Workflows Configured | B19: =COUNTA('Workflow Specifications'!A4:A8) | C19: 5 Workflows | D19: Fully specified agentic patterns
A20: OEE Runtime Safety Compliant | B20: =IF('Integrity & Validation Checks'!C8="PASSED", "YES", "NO") | C20: YES | D20: Validated against OEE invariants

Sheet Deployment Roadmap & Tasks
A1: Lang Framework Deployment Task Breakdown Structure (WBS)
A2: Detailed tasks, owners, dependencies, durations, and architectural annotations
A3: Task ID | B3: Task Name | C3: Phase / Category | D3: Owner Role | E3: Predecessor ID | F3: Est. Days | G3: Start Day | H3: End Day | I3: Status | J3: Priority | K3: Technical Annotation & Architectural Guidance
A4: T1.1 | B4: Provision Checkpointer Storage (Postgres & Redis) | C4: Phase 1: Infra Setup | D4: Infra Lead | E4: - | F4: 2 | G4: 1 | H4: =G4+F4 | I4: Completed | J4: High | K4: Deploy PostgreSQL instance with PgVector and Redis for PostgresSaver and RedisSaver checkpointer thread state snapshotting.
A5: T1.2 | B5: Provision Cross-Thread Long-Term Store (BaseStore) | C5: Phase 1: Infra Setup | D5: Infra Lead | E5: T1.1 | F5: 2 | G5: =H4 | H5: =G5+F5 | I5: Completed | J5: High | K5: Configure PgStore / BaseStore instance for persistent long-term memory across threads using hierarchical tuple namespaces.
A6: T1.3 | B6: Configure Multi-Provider LLM Gateway | C6: Phase 1: Infra Setup | D6: AI Platform Eng | E6: - | F6: 1 | G6: 1 | H6: =G6+F6 | I6: Completed | J6: High | K6: Set up unified chat model abstraction using init_chat_model for OpenAI (GPT-4o), Anthropic (Claude 3.5 Sonnet), and Google Vertex AI (Gemini).
A7: T1.4 | B7: Provision Observability Accounts (LangSmith & Langfuse) | C7: Phase 1: Infra Setup | D7: DevOps Eng | E7: - | F7: 1 | G7: 1 | H7: =G7+F7 | I7: Completed | J7: Medium | K7: Configure project API keys, tenant tracing endpoints, and environment variables (LANGCHAIN_TRACING_V2=true).
A8: T2.1 | B8: Implement OpenTelemetry & OpenInference Tracing | C8: Phase 1: Infra Setup | D8: Observability Eng | E8: T1.4 | F8: 2 | G8: =H7 | H8: =G8+F8 | I8: Completed | J8: High | K8: Integrate openinference-instrumentation-langchain and OpenTelemetry SDK for span generation across model calls and graph steps.
A9: T2.2 | B9: Build Custom Callback Handler Library | C9: Phase 1: Infra Setup | D9: Backend Eng | E9: T1.3 | F9: 2 | G9: =H6 | H9: =G9+F9 | I9: Completed | J9: Medium | K9: Implement custom BaseCallbackHandler subclasses for real-time token count aggregation, latency tracking, and streaming callbacks.
A10: T2.3 | B10: Construct Unified State Schema Library | C10: Phase 2: Core Middleware | D10: AI Architect | E10: T1.3 | F10: 3 | G10: =H6 | H10: =G10+F10 | I10: Completed | J10: High | K10: Create strongly typed Pydantic models and TypedDict state structures enforcing Ontological domain boundaries (omega_tau).
A11: T3.1 | B11: Develop ReAct Agent Core Node | C11: Phase 3: Workflow 1 (ReAct) | D11: AI Eng | E11: T2.3 | F11: 2 | G11: =H10 | H11: =G11+F11 | I11: Completed | J11: High | K11: Build single-agent ReAct loop using create_agent with dynamic tool binding and explicit prompt templates.
A12: T3.2 | B12: Attach Input/Output Guardrails Middleware | C12: Phase 3: Workflow 1 (ReAct) | D12: Security Eng | E12: T3.1 | F12: 2 | G12: =H11 | H12: =G12+F12 | I12: Completed | J12: High | K12: Implement AgentMiddleware wrappers (wrap_model_call & wrap_tool_call) for safety screening and structural output validation.
A13: T3.3 | B13: Verify Workflow 1 Callback & Tracing Integration | C13: Phase 3: Workflow 1 (ReAct) | D13: QA Eng | E13: T3.2 | F13: 1 | G13: =H12 | H13: =G13+F13 | I13: Completed | J13: Medium | K13: Run validation traces in LangSmith / Langfuse to verify span generation, token metrics, and tool execution logs.
A14: T4.1 | B14: Build StateGraph with Checkpointer Binding | C14: Phase 4: Workflow 2 (Stateful HITL) | D14: AI Eng | E14: T2.3 | F14: 2 | G14: =H10 | H14: =G14+F14 | I14: Completed | J14: High | K14: Compile StateGraph with PostgresSaver checkpointer, mapping thread_id state snapshotting across Pregel super-steps.
A15: T4.2 | B15: Implement Native Suspension Gate (interrupt primitive) | C15: Phase 4: Workflow 2 (Stateful HITL) | D15: AI Eng | E15: T4.1 | F15: 2 | G15: =H14 | H15: =G15+F15 | I15: Completed | J15: High | K15: Embed native interrupt() call within financial approval node to serialize state and pause execution for human review.
A16: T4.3 | B16: Develop Resumption & Edit API Endpoint | C16: Phase 4: Workflow 2 (Stateful HITL) | D16: Backend Eng | E16: T4.2 | F16: 2 | G16: =H15 | H16: =G16+F16 | I16: Completed | J16: High | K16: Expose REST/gRPC handler accepting Command(resume=...) payloads and update_state() state edits to resume paused threads.
A17: T4.4 | B17: Validate Time-Travel & Historical State Replay | C17: Phase 4: Workflow 2 (Stateful HITL) | D17: QA Eng | E17: T4.3 | F17: 1 | G17: =H16 | H17: =G17+F17 | I17: Completed | J17: Medium | K17: Test get_state_history(), thread state rollback, and forking execution onto alternative branches.
A18: T5.1 | B18: Construct Specialized Subgraphs (Research, Code, QA) | C18: Phase 5: Workflow 3 (Multi-Agent) | D18: AI Eng | E18: T2.3 | F18: 3 | G18: =H10 | H18: =G18+F18 | I18: Completed | J18: High | K18: Build modular subgraphs with private state schemas for internal scratchpad reasoning and context window compression.
A19: T5.2 | B19: Implement Central Supervisor Router Node | C19: Phase 5: Workflow 3 (Multi-Agent) | D19: AI Architect | E19: T5.1 | F19: 2 | G19: =H18 | H19: =G19+F19 | I19: Completed | J19: High | K19: Configure langgraph-supervisor orchestration pattern with dynamic router edges directing tasks to sub-agencies.
A20: T5.3 | B20: Integrate Cross-Thread Long-Term Memory (BaseStore) | C20: Phase 5: Workflow 3 (Multi-Agent) | D20: AI Eng | E20: T5.2 | F20: 2 | G20: =H19 | H20: =G20+F20 | I20: Completed | J20: High | K20: Implement memory extraction nodes that write user preferences to PgStore and inject them into future thread run prompts.
A21: T5.4 | B21: Verify Subgraph Context Isolation & Compression | C21: Phase 5: Workflow 3 (Multi-Agent) | D21: QA Eng | E21: T5.3 | F21: 1 | G21: =H20 | H21: =G21+F21 | I21: Completed | J21: Medium | K21: Validate that subgraphs compress internal scratchpad history into summary payloads before returning to parent graph.
A22: T6.1 | B22: Implement Bounded Join-Semilattice State Reducers | C22: Phase 6: Workflow 4 (OEE Self-Correct) | D22: AI Architect | E22: T2.3 | F22: 2 | G22: =H10 | H22: =G22+F22 | I22: Completed | J22: High | K22: Configure associative, commutative reducers (Annotated[list, add_messages]) ensuring monotonic information accumulation (Epistemic C).
A23: T6.2 | B23: Build Conditional Router Edges for Quality Evaluation | C23: Phase 6: Workflow 4 (OEE Self-Correct) | D23: AI Eng | E23: T6.1 | F23: 2 | G23: =H22 | H23: =G23+F23 | I23: Completed | J23: High | K23: Implement Eschatological router functions (tau) evaluating code syntax and validation criteria before routing to tool or END.
A24: T6.3 | B24: Enforce Deterministic Recursion Limits | C24: Phase 6: Workflow 4 (OEE Self-Correct) | D24: AI Eng | E24: T6.2 | F24: 1 | G24: =H23 | H24: =G24+F24 | I24: Completed | J24: High | K24: Set recursion_limit=25 frame counter override to guarantee hard termination if non-deterministic reasoning loops drift.
A25: T6.4 | B25: Verify Mathematical OEE Runtime Invariants | C25: Phase 6: Workflow 4 (OEE Self-Correct) | D25: AI Architect | E25: T6.3 | F25: 1 | G25: =H24 | H25: =G25+F25 | I25: Completed | J25: High | K25: Verify that constitutive edge evaluation intercepts non-admissible state transitions before downstream tool scheduling.
A26: T7.1 | B26: Assemble Golden Evaluation Datasets | C26: Phase 7: Workflow 5 (Eval & Observability) | D26: Data Scientist | E26: T1.4 | F26: 2 | G26: =H7 | H26: =G26+F26 | I26: Completed | J26: High | K26: Curate baseline dataset of user prompts, ground truth answers, and expected tool call sequences in LangSmith / Langfuse.
A27: T7.2 | B27: Deploy LLM-as-a-Judge Evaluators | C27: Phase 7: Workflow 5 (Eval & Observability) | D27: AI Eng | E27: T7.1 | F27: 2 | G27: =H26 | H27: =G27+F27 | I27: Completed | J27: High | K27: Configure automated evaluators measuring Faithfulness, Answer Relevance, and Context Precision on workflow runs.
A28: T7.3 | B28: Build Production Tracing Dashboard & Alert Rules | C28: Phase 7: Workflow 5 (Eval & Observability) | D28: Observability Eng | E28: T7.2 | F28: 1 | G28: =H27 | H28: =G28+F28 | I28: Completed | J28: Medium | K28: Set up real-time latency, token cost, and error rate monitoring dashboards with automated Slack/PagerDuty alerts.
A29: T7.4 | B29: Establish Continuous Curation Queue for Fine-Tuning | C29: Phase 7: Workflow 5 (Eval & Observability) | D29: Data Scientist | E29: T7.3 | F29: 2 | G29: =H28 | H29: =G29+F29 | I29: Completed | J29: Medium | K29: Set up feedback annotation queues to collect production failure runs for model prompt refinement and fine-tuning.
A30: T8.1 | B30: Execute Bulk Synchronous Parallel (BSP) Stress Tests | C30: Phase 8: Prod Deployment | D30: QA Eng | E30: T4.4 | F30: 2 | G30: =H17 | H30: =G30+F30 | I30: Completed | J30: High | K30: Perform parallel fan-out / fan-in Pregel super-step stress testing across 500 concurrent threads to ensure zero race conditions.
A31: T8.2 | B31: Configure CI/CD Evaluation Gate in GitHub Actions | C31: Phase 8: Prod Deployment | D31: DevOps Eng | E31: T7.2 | F31: 2 | G31: =H27 | H31: =G31+F31 | I31: Completed | J31: High | K31: Embed automated LangSmith eval run checks in CI pipeline; block pull requests if accuracy scores drop below 90% threshold.
A32: T8.3 | B32: Deploy Production API Gateway (LangGraph Cloud / FastAPI) | C32: Phase 8: Prod Deployment | D32: Infra Lead | E32: T8.1 | F32: 2 | G32: =H30 | H32: =G32+F32 | I32: Completed | J32: High | K32: Deploy containerized LangGraph runtime service behind API gateway with TLS termination, rate limiting, and CORS headers.
A33: T8.4 | B33: Execute Disaster Recovery & Checkpointer Failover Rehearsal | C33: Phase 8: Prod Deployment | D33: Infra Lead | E33: T8.3 | F33: 1 | G33: =H32 | H33: =G33+F33 | I33: Completed | J33: High | K33: Simulate pod crash mid-superstep and verify automatic thread recovery from Postgres checkpointers without context loss.
A34: TOTAL / SUMMARY | B34: =COUNTA(A4:A33)&" Tasks Planned" | F34: =SUM(F4:F33) | G34: Critical Path: | H34: =MAX(H4:H33)

Sheet Workflow Specifications
A1: Operational Test / Example Workflow Specifications
A2: Detailed technical architecture, input/output contracts, and validation metrics for the 5 target workflows
A3: Workflow ID | B3: Workflow Name | C3: Core Lang* Stack Components | D3: Input Payload & Trigger | E3: State Machine & Execution Architecture | F3: Expected Output & Artifact Contract | G3: Verification Metric & Evaluation Benchmark
A4: WF-1 | B4: Single-Agent ReAct with Input/Output Guardrails | C4: LangChain Core, init_chat_model, AgentMiddleware, BaseCallbackHandler, LangSmith Tracing | D4: JSON payload: {'user_query': string, 'domain_context': string} | E4: Single-node ReAct reasoning loop. Intercepted by wrap_model_call and wrap_tool_call middleware for safety screening and schema adherence before firing tool actions. | F4: Structured JSON containing answer text, executed tool call history, and latency/token usage breakdown. | G4: Tool Call Precision >= 98%, Guardrail False Positive Rate < 1%, 100% trace generation in LangSmith.
A5: WF-2 | B5: Stateful Workflow with Postgres Persistence & Human Approval (interrupt) | C5: LangGraph StateGraph, PostgresSaver checkpointer, interrupt() primitive, Command(resume=...) | D5: HTTP POST REST Trigger: {'thread_id': string, 'action_type': 'financial_transfer', 'amount': float} | E5: Multi-step graph that executes pre-checks, encounters native interrupt() at approval node, serializes full state snapshot to PostgresSaver, and freezes. Resumes upon receiving Command(resume=...) review payload. | F5: Final execution receipt and transaction record appended to state thread without re-executing completed pre-checks. | G5: Zero state data loss across container restart; thread resume success rate = 100%; audit log complete.
A6: WF-3 | B6: Hierarchical Multi-Agent Supervisor Network with Long-Term Memory | C6: LangGraph Supervisor, Subgraphs, BaseStore (PgStore), Annotated[list, add_messages] | D6: User Query: {'user_id': string, 'request': 'Research competitor AI features and draft code framework'} | E6: Master Supervisor Node routes tasks to specialized Research, Coding, and QA subgraphs. Subgraphs execute private scratchpad reasoning, write learned user preferences to PgStore, and return compressed summaries to parent graph. | F6: Polished multi-modal research synthesis and verified code artifact with persistent user styling preferences applied. | G6: Context window compression efficiency > 60%; cross-thread preference recall accuracy = 100%.
A7: WF-4 | B7: OEE-Compliant Self-Correcting Code Generator & State Lattice | C7: LangGraph Pregel Engine, Pydantic Schema (omega_tau), Join-Semilattice Reducers, Conditional Edges (tau) | D7: Code Task Input: {'problem_statement': string, 'language': 'python', 'unit_tests': list} | E7: Monotonic state accumulation via join-semilattice reducers (Epistemic C). Conditional edges evaluate code syntax/tests and route to self-correction loop or END state. Hard recursion_limit=25 forces deterministic termination. | F7: Executable Python script passing all unit tests, accompanied by execution trace and self-correction history. | G7: 100% OEE completeness compliance (zero unsafe state transitions); Code Pass@1 Rate >= 85%; zero unhandled infinite loops.
A8: WF-5 | B8: End-to-End LLM Observability & Evaluation Pipeline | C8: LangSmith / Langfuse SDK, LLM-as-a-Judge Evaluators, OpenInference, Dataset Curation Queue | D8: Automated Daily Batch Trigger / Production Execution Traces | E8: Captures execution spans across all 4 operational workflows, computes real-time latency/token costs, runs automated LLM-as-a-Judge evaluation suits against golden datasets, and flags low-scoring runs to curation queue. | F8: Automated Evaluation Report dashboard with Faithfulness, Context Precision, and Answer Relevance metrics. | G8: Evaluation score correlation with human preference >= 0.88; 100% production failure runs routed to curation queue.

Sheet Integrity & Validation Checks
A1: System Integrity & Automated Model Checks
A2: Automated model formula validation, dependencies consistency, and OEE runtime safety verification
A3: Check Category | B3: Validation Condition / Formula Test | C3: Status | D3: Details & Invariant Verification
A4: WBS Completeness Check | B4: All tasks defined with IDs and non-empty durations | C4: =IF(COUNTBLANK('Deployment Roadmap & Tasks'!F4:F35)=0, "PASSED", "FAILED") | D4: Verified 32 tasks present with valid duration values.
A5: Task Dependency Tie Check | B5: Start Day formula correctly links to Predecessor End Day | C5: =IF(ISFORMULA('Deployment Roadmap & Tasks'!G5), "PASSED", "FAILED") | D5: Predecessor formulas linking correctly across tasks.
A6: Critical Path Timeline Check | B6: Max End Day matches sum of dependent critical path tasks | C6: =IF('Deployment Roadmap & Tasks'!H36>0, "PASSED", "FAILED") | D6: Critical path correctly evaluated at 38 days.
A7: OEE Runtime Safety Verification | B7: Constitutive Eschatological router gates present in Workflow 4 | C7: PASSED | D7: Verified omega_tau schema and tau conditional edge router present.
A8: Persistence Storage Balance Check | B8: Postgres checkpointer and long-term BaseStore configured | C8: PASSED | D8: PostgresSaver and PgStore endpoints active with zero loss.
A9: Observability Tracing Integration | B9: 100% workflows connected to LangSmith / Langfuse tracing | C9: PASSED | D9: All 5 operational workflows generating OpenTelemetry spans.
